filename,label
07afb190-e345-418c-8bd8-ca864b11b6d1.jpg,0
0216bae7-3ab6-4857-8cc1-3afe8dab3964.jpg,0
3c329c7a-1dcf-41c6-a3ab-1db886e8ebd8.jpg,2
0b831874-10c4-4d8f-8d96-3de80a7add5b.jpg,0
nejmc2001573_f1b.jpeg,1
01f11e57-5c11-4ab0-9312-d88c3826721c.jpg,0
1B734A89-A1BF-49A8-A1D3-66FAFA4FAC5D.jpeg,1
3d0964c8-b41f-4e3b-a871-fbaca943558b.jpg,2
0ab261f9-4eb5-42ab-a9a5-e918904d6356.jpg,2
08e31c62-d3bb-4f18-8e78-78e276494ba3.jpg,0
0c00260e-8326-458d-9e91-a731488717b2.jpg,0
MCUCXR_0282_1.png,3
auntminnie-c-2020_01_28_23_51_6665_2020_01_28_Vietnam_coronavirus.jpeg,1
0c3b0389-1cd7-4352-ad3d-2be8bc95ba56.jpg,0
09bd30b6-8b2f-43b0-a40e-3fa32ba5787d.jpg,0
09f314e5-047f-4f7d-87b3-b944e9e566dd.jpg,0
0ac7133f-2b44-44c3-b377-de36af4dbc87.jpg,0
37290d29-2a81-4c9d-aef6-15eea1376e0c.jpg,2
09326eb7-f4cb-4d8f-83c6-8ba7fb8b5ac7.jpg,2
376b255a-82a3-4105-a546-36a477bfe8e3.jpg,2
03d00867-fe6d-47b5-9a14-3f03f736e69a.jpg,0
05e79372-5e61-4957-bedf-c2c51a0757ad.jpg,0
MCUCXR_0064_0.png,0
0b0b36c6-fa59-4cca-b939-aec774926e48.jpg,0
wong-0003.jpg,2
07bc3b67-cc81-47c8-b384-7bc81a3a9fc0.jpg,0
31428408-0d97-4ff5-b387-8d1c95cf5a0d.jpg,2
08fda39f-ba68-45cc-9bbb-d416b19c6dc2.jpg,0
07aeb82e-773b-4498-95c0-fabdf4985bb2.jpg,0
0afef50e-63a7-4adf-9bc1-02f73612be56.jpg,0
0bdc1ef9-6431-4164-9110-c26fe26ab2a9.jpg,0
0c8b3735-25e3-4628-bb53-8c24e10eec56.jpg,2
0daa445f-6b0b-499f-8162-91296e89f61c.jpg,2
06415658-2590-4c38-a682-81acf9ef9a14.jpg,0
0c8199bc-2634-4196-b81b-4732adac9926.jpg,2
MCUCXR_0043_0.png,0
2e4b20f7-69c4-4680-9c8b-6984c195b1cf.jpg,2
24bc6cbc-3ed9-455a-8fbf-f106ce3e1e59.jpg,2
074764ba-944c-46ba-b7b4-bc422ff3b7fd.jpg,0
01d72346-4459-4eaa-8a19-d3c92121d17f.jpg,0
066d9e27-e48f-4453-b1e1-d73c34910722.jpg,2
02f6ab3b-7793-4d67-87e3-868911a399b7.jpg,0
lancet-case2b.jpg,1
0620afa3-b2ea-442e-9e4f-c854086ca763.jpg,2
MCUCXR_0047_0.png,0
MCUCXR_0048_0.png,0
0ae5ae70-e9a3-4214-93d0-0834f0cd4835.jpg,0
06605bfa-0370-4979-a2bd-11173002abd1.jpg,0
MCUCXR_0003_0.png,0
376a6f4e-a470-48e7-9092-b6179f296e46.jpg,2
3416e4ff-a8a4-4822-85ab-2e7e066457ba.jpg,2
0949dfc4-7613-432c-8d16-4cf0aa5b15bb.jpg,0
079fa565-0c4e-46a2-9a3c-f6341d97fd5c.jpg,0
07120dca-52d2-4c79-84fd-a11f995df2fd.jpg,0
020fb648-3b1e-404a-a0b4-f25d6b277c1a.jpg,0
022b7bbd-963b-49ea-afd7-b6b7986da555.jpg,0
0c4c0dd9-1685-48c3-a09e-817816695016.jpg,2
MCUCXR_0090_0.png,0
06199c4d-5f6f-4736-81b1-07bf5b76bd78.jpg,0
097771b8-ab5e-4b23-8116-6d674a688c88.jpg,0
03BF7561-A9BA-4C3C-B8A0-D3E585F73F3C.jpeg,1
17551520-eef9-476d-bdcd-9556dca30e14.jpg,2
MCUCXR_0061_0.png,0
MCUCXR_0004_0.png,0
3632aa2e-04b5-499d-8a27-1af18699e5fa.jpg,2
41591_2020_819_Fig1_HTML.webp-day10.png,1
3c6c5d28-22ea-48f0-a2b5-f170b8908125.jpg,2
069cfd47-0169-43e7-89a1-0be0fa24105b.jpg,0
0a461c5f-08e6-4c86-9ecd-5246e613f8c2.jpg,0
091ab452-0ea2-4f1b-b853-20b0031f1f99.jpg,0
0ebc8268-df3d-45d8-8ee7-b34880c62830.jpg,2
06737bed-8dc1-47d9-8c30-324282dcc84d.jpg,2
MCUCXR_0338_1.png,3
0e7b5886-8737-4d62-a466-95a6608d59ea.jpg,0
339d0607-e869-4869-ac6d-379172682713.jpg,2
0a9fd225-a33a-47de-849e-156933b21296.jpg,2
0d8ca6ee-0595-45aa-bedb-1087dee15f23.jpg,0
MCUCXR_0253_1.png,3
30d3d2f9-4342-4ab4-9032-34d894c2cfbb.jpg,2
covid-19-pneumonia-8.jpg,1
0bf10e67-5532-4177-bc48-c0cb545248b4.jpg,0
MCUCXR_0071_0.png,0
0c066cf2-d552-4843-b613-38a8bddddcd2.jpg,0
085f5a19-2746-43e1-a3c7-34ce070d1ad8.jpg,0
0b510189-2f09-4273-89fe-4ce4581ae69a.jpg,0
366b30d6-2c8b-4985-978b-b8cde00f4377.jpg,2
0cbb1188-a386-4965-a292-29ff93300c97.jpg,0
MCUCXR_0213_1.png,3
0c7f863b-b14d-4a57-880a-a7d75c00ac7d.jpg,0
07ec1c73-c77a-4b43-bcc6-96f94cbd32ac.jpg,0
3c3edd61-17dd-4ec2-b434-d5bbe0bbb13f.jpg,2
0cac04c6-c4b6-48e5-9b28-b0a6c44289a5.jpg,0
0b7cfdd2-3fcb-43bc-86bd-5a880c7874bb.jpg,0
MCUCXR_0005_0.png,0
357e0be1-1698-4b87-aa27-db197bc709ce.jpg,2
15884ec8-c8d3-471b-a234-059591200be1.jpg,2
0ab261f9-4eb5-42ab-a9a5-e918904d6356.jpg,2
08846808-af38-4f0f-a189-d19938ae8efc.jpg,0
08a5a06e-f9a5-4e0d-abd2-e4d8ee005fb7.jpg,0
0b0860dc-b2ca-4016-a6eb-3a88ffb5ab2a.jpg,0
068c876a-d9ee-4a1e-810a-63c8195b27bd.jpg,0
0d4192cd-b111-45df-86f6-712b04dad4a9.jpg,0
0affd017-4c75-4cf8-9c30-e33c5d853f11.jpg,0
07cdb450-541e-4810-900b-b3b7b9846e8b.jpg,0
0a578f72-dced-4550-8851-d8005549b724.jpg,2
MCUCXR_0251_1.png,3
0d9f8e9e-3a29-472a-8a96-7c792d6f3edf.jpg,2
16939adb-3468-4e45-9b87-0ec9a8b0f2ea.jpg,2
08e237d8-7d4d-410f-b48e-1e2817df9aac.jpg,0
MCUCXR_0068_0.png,0
1f5f34b6-8e8d-4e25-88fc-6ba1b5b0ac06.jpg,2
05c8ec6f-c41d-4dbe-a6a0-2875334b0b9e.jpg,0
MCUCXR_0140_1.png,3
ryct.2020200034.fig5-day7.jpeg,1
32652bc7-21e2-4aa4-ae0c-461950e4c131.jpg,2
00d7c36e-3cdf-4df6-ac03-6c30cdc8e85b.jpg,0
31428408-0d97-4ff5-b387-8d1c95cf5a0d.jpg,2
all14238-fig-0001-m-c.jpg,1
SARS-10.1148rg.242035193-g04mr34g04b-Fig4b-day12.jpeg,2
covid-19-pneumonia-35-1.jpg,1
MCUCXR_0062_0.png,0
MCUCXR_0350_1.png,3
0bfe09c2-ce96-4cd4-9374-92117c18da3d.jpg,0
0b696cf6-dac9-4890-810c-0303e6e221bd.jpg,0
09d21970-3207-4817-ab35-b26bbfdead9e.jpg,0
26d622c4-c7ec-4952-9210-7b2a2144cb79.jpg,2
3748c51e-06c7-488e-97be-dac0614f5c17.jpg,2
0700bc73-b6e3-412e-9e2f-aa0b83424804.jpg,0
056fb495-574d-4b37-9f89-77b9ced2ef43.jpg,0
MCUCXR_0085_0.png,0
0b7b500f-b677-4c7b-8331-f24c3e8aa9e0.jpg,0
3a2cbb37-3c4d-4fdd-86be-e304ae5b0bcd.jpg,2
17a5ce04-809a-42ed-9e58-100cfb33de7a.jpg,2
0b2e8b54-aab8-45a1-ac87-f98c91590cdf.jpg,0
073c6a26-29f2-4e61-9c52-7d41f3807cca.jpg,0
05c9c22a-fe11-4c93-bcb6-67900893db3b.jpg,0
0717d112-a8e5-46c0-9ba5-902cd9fe8fe1.jpg,0
0d2bc8b2-2340-4deb-b29c-ae4da8fa5764.jpg,2
070efe1f-2b7a-4585-9e9b-561a4432fa57.jpg,0
01cfa23b-cc98-43af-a61b-56915f90b7ef.jpg,0
0c0181c0-c009-4387-b087-d314a4ffcba2.jpg,0
065b79b6-9a76-4b92-9417-de09b3d97cd5.jpg,0
34c9ca0b-413a-447a-ab1a-66b08a53af7d.jpg,2
06cfc310-7820-4a81-ac26-67910f7e9ea6.jpg,0
3d070009-c877-4ed4-ac80-53781cb30fef.jpg,2
08ec2d3b-bc62-47c6-b0ce-632f8dbbdb21.jpg,0
0bc28e7b-7097-4b84-b393-25cd12dc4cc6.jpg,0
MCUCXR_0022_0.png,0
14996682-7fb0-42e1-a925-ab2a639bae18.jpg,2
1.CXRCTThoraximagesofCOVID-19fromSingapore.pdf-001-fig2b.png,1
39c1395d-f5d7-4ce2-9154-04bd38bc8729.jpg,2
05be93e5-70aa-4879-bf06-6c866bde90d7.jpg,0
0977f16c-c343-42c9-95ed-d7ca996feb16.jpg,0
38ac304d-c9bc-4056-9d15-e6290c2ca0e5.jpg,2
05ee72bf-6d12-4ac5-a47e-f43a7ea52a40.jpg,0
099abc5b-f471-4e24-90be-f1a4b4428166.jpg,0
084db3b9-8b5b-494d-8e81-7b6b98de6287.jpg,0
fff49165-b22d-4bb4-b9d1-d5d62c52436c.annot.original.png,1
kjr-21-e24-g003-l-a.jpg,1
0bad22f7-1833-43bc-92ec-ac2aba6e1ef7.jpg,0
1-s2.0-S0929664620300449-gr2_lrg-b.jpg,1
nejmoa2001191_f4.jpeg,1
MCUCXR_0113_1.png,3
09bf9eae-2dbf-4c50-ae08-29fd1257cb89.jpg,0
112bf6f9-0ac8-4ca0-a84b-ea29811fd871.jpg,2
04d59a79-e659-49ca-8790-511f89ac3e1b.jpg,2
MCUCXR_0301_1.png,3
0ad17cb4-c693-4ac1-9bfb-8e7660c265a2.jpg,0
1.CXRCTThoraximagesofCOVID-19fromSingapore.pdf-000-fig1a.png,1
3ae783bc-9fd3-4e66-b9cd-101a43f122bd.jpg,2
09ca5945-7f34-475b-92fe-33b028e15247.jpg,0
18221e7c-d8f0-4d76-b9b0-eee4aff2a191.jpg,2
07888d77-acd2-4e12-9f43-9272ae1cfe9e.jpg,0
1.CXRCTThoraximagesofCOVID-19fromSingapore.pdf-002-fig3b.png,1
0c861344-c755-4072-ab28-1d29be4949f5.jpg,0
3489804c-d115-4f87-b5c9-301462cdcad4.jpg,2
3580d303-401f-4f0b-ac88-0729834349a8.jpg,2
34fdff09-5bc2-4df5-b8cf-3c37662037c8.jpg,2
MCUCXR_0041_0.png,0
0c3281b0-2ce0-4a64-a73a-4206f0c61d9c.jpg,0
3a1c6cb8-cb42-44c7-8d5a-925f813427c7.jpg,2
MCUCXR_0016_0.png,0
0c2e9b99-9a8f-4b44-854e-acd181a0208c.jpg,0
0716f059-34cb-4046-ae86-46b47756fc2b.jpg,0
07fc3068-9ae7-4ea4-958d-e6e6e49d5403.jpg,0
0c122fd9-6dc8-4224-baae-812ed5c4bd12.jpg,2
MCUCXR_0399_1.png,3
349c35ba-a32c-4cef-bfe9-613da6d7054d.jpg,2
08941080-30dc-449f-a8e1-e6530f4695a2.jpg,0
07bc7cbd-b313-47c0-b0eb-89d176a71810.jpg,0
31a115d1-ad82-4fd8-be3d-76d918338afa.jpg,2
06bdaf90-df6a-46ae-ac6d-a4afb7937c8d.jpg,0
3858239f-f7ce-4858-94fb-095174a6c0e8.jpg,2
07d0762b-8d1f-41d9-8ea9-1b6e4097cd33.jpg,0
09ad8591-5c65-49f5-a297-3ffe33811bb5.jpg,0
3a0c1a58-6d13-43f3-a5a0-07d8ecdf7fd5.jpg,2
39919c47-0f93-417f-96fb-1aa8a6d6e7ab.jpg,2
0d587b82-827b-4e80-af20-4ee8207700ee.jpg,2
MCUCXR_0150_1.png,3
MCUCXR_0044_0.png,0
086c0080-f9e5-4f22-ab06-7ad7248e814c.jpg,0
0bb25b91-7683-40c0-a4ac-a4d1d1da6c8f.jpg,0
09edbe84-9f36-465b-b227-00abd25c9afc.jpg,0
0a897002-2add-44df-90b3-5a17c51a6da4.jpg,0
35061124-9245-4434-b165-b89aef28bb75.jpg,2
31BA3780-2323-493F-8AED-62081B9C383B.jpeg,1
3b57df96-2208-4717-9d32-0d54ebbee4fa.jpg,2
30d3d2f9-4342-4ab4-9032-34d894c2cfbb.jpg,2
035789b1-3736-405d-9910-f8f23c62ae9f.jpg,2
0e1a2d64-c6fd-4b32-946c-b02a2d575c63.jpg,0
334c4445-63ce-401a-a1a2-1a467901a1ae.jpg,2
3a902c1d-e41b-43d3-8484-4c0d92a30271.jpg,2
3d895c52-0627-42b3-ba67-41a08f387da0.jpg,2
321b9103-0c96-4719-912d-b9b94e222077.jpg,2
15ea3d73-122d-4273-83e0-01f62d801ca7.jpg,2
0ab601ca-5f86-498f-89ab-73208a353e40.jpg,2
33838dc8-dc3e-443c-be25-609ce5d66743.jpg,2
17700745-d6cb-49cb-aa70-d725ba0165ae.jpg,2
1614564a-fe0d-43dc-87ae-299d859959f6.jpg,2
SARS-10.1148rg.242035193-g04mr34g09b-Fig9b-day19.jpeg,2
0ea2d36a-4ab7-4b82-b446-8be5c4089df6.jpg,0
07015c3f-79d8-4340-9baf-255b2a5418bd.jpg,0
covid-19-pneumonia-38-pa.jpg,1
0922222f-03d6-4346-bf1a-63ed17eb45d3.jpg,0
01b56434-4dd9-4994-bcc5-0b70a36e415a.jpg,0
0c1badbd-7eb5-4537-ac84-963021a9f23e.jpg,0
MCUCXR_0057_0.png,0
0c2fec36-dfeb-4fec-9a7d-e7c4a960c761.jpg,0
09ec5bb9-ba5c-465e-b0cf-b2acb6ea2cd0.jpg,0
1-s2.0-S1684118220300682-main.pdf-002-a2.png,1
MCUCXR_0023_0.png,0
0638126f-126f-4f53-befe-538ff87597c6.jpg,0
MCUCXR_0019_0.png,0
ciaa199.pdf-001-c.png,1
0bcfe7ee-ada5-48de-990b-2a2fd6c6ed15.jpg,2
0ae82435-399e-4cf1-9d78-92d1c184178d.jpg,2
00704310-78a8-4b38-8475-49f4573b2dbb.jpg,2
09854bb5-4fed-43e2-96cf-8f24ca71cb6e.jpg,0
0697baae-e475-4fa3-ad82-51b319a026cc.jpg,2
MCUCXR_0021_0.png,0
1-s2.0-S1684118220300608-main.pdf-002.jpg,1
MCUCXR_0046_0.png,0
ciaa199.pdf-001-a.png,1
MCUCXR_0079_0.png,0
074f8729-c5ea-4830-8249-9a04208eab5e.jpg,2
088d38bd-2b6b-48cf-9c83-e9e4214a9c28.jpg,0
1-s2.0-S1684118220300682-main.pdf-002-a1.png,1
06327569-4e4f-4fdc-a116-db367c079669.jpg,2
35c98046-1334-4b50-8232-41fcc65d150e.jpg,2
35a379c4-1e56-41f7-8a25-a1c2e9b88464.jpg,2
041bf0ac-a841-4c4a-9f91-45f4b3b34671.jpg,0
MCUCXR_0084_0.png,0
01e800d4-4d8d-4ef5-a40a-f37b923bb7ad.jpg,0
16923fe0-5e98-4bcf-92e6-65d10161660d.jpg,2
1a7606e0-4d81-4bbe-ae22-93ca30540cb9.jpg,2
074113b7-da5f-4742-93fd-654ee20939f5.jpg,0
3cc33510-2c4f-4e01-b850-4b66183aa1e9.jpg,2
075f7167-e5ac-4c3d-954a-33576cb50600.jpg,0
35147425-e8f1-494b-8cce-74252c0578d6.jpg,2
0b574b43-d7ab-4d95-bf13-fded0fb11e43.jpg,0
097a2839-5587-4bf4-9adb-641d8caa877b.jpg,0
31d34fd3-7d8f-4b3d-86bc-6b060f20d8ee.jpg,2
0ae12060-f38f-43ad-8a88-a06322f920ab.jpg,0
0a29f841-b738-499a-bc8e-0589de77ef82.jpg,0
0a3227d3-c8df-44fc-b1cb-fb0eb743f79f.jpg,0
07264588-d733-40e6-8ff3-97cc7a5ecf0c.jpg,0
07f8978f-eaac-467e-8ff1-4de731dc441e.jpg,0
0be9dc1f-eff8-4813-bd77-b076fbfc537e.jpg,0
01E392EE-69F9-4E33-BFCE-E5C968654078.jpeg,1
0da20cef-4860-4363-b83f-eaa0522c0aab.jpg,0
0aa5abc0-7db8-44d4-b3b7-8133787e0862.jpg,0
33c66fa9-6a08-4d0d-b309-88ce91a217c9.jpg,2
35477f5b-9747-4f99-b1ce-7c97150cccfd.jpg,2
319c7cc1-72c8-4b0d-96b2-bf6de8c26021.jpg,2
nejmoa2001191_f1-PA.jpeg,1
068ae297-8397-463e-927e-cb6693aeb8b5.jpg,0
0ab601ca-5f86-498f-89ab-73208a353e40.jpg,2
0c66c256-fae5-4c7d-bae4-a1864b7227c7.jpg,0
MCUCXR_0053_0.png,0
MCUCXR_0008_0.png,0
0cbc601f-91f0-4f86-b780-ffeac24471c7.jpg,2
01f0f4bf-e678-430e-b43d-2968e2c4976c.jpg,0
34b275e2-88a3-44a1-a8ad-16d8d79b1999.jpg,2
095edab1-09c6-4f83-931e-f0a33b77639c.jpg,2
3246006e-f323-43c9-a322-4979fdb85f37.jpg,2
06b2f933-3ea2-4477-ac27-18f732d1f4e1.jpg,0
covid-19-pneumonia-35-2.jpg,1
06463240-3dd5-4d64-ad20-0956af60d1a2.jpg,0
3838db1d-2236-4c84-b6bc-2c81606dd34d.jpg,2
06ba1322-0274-47e0-b7eb-07c11d96360f.jpg,0
07701659-5766-4828-bb65-27d208a42daf.jpg,0
1565fd6c-9432-454a-87e4-937fd5ad5b60.jpg,2
3d7fb4b4-5e62-4591-aa4d-cbbc1ca3ffb7.jpg,2
MCUCXR_0058_0.png,0
SARS-10.1148rg.242035193-g04mr34g0-Fig8c-day10.jpeg,2
ryct.2020200034.fig5-day0.jpeg,1
3b8d4df3-3950-412b-9206-1cbb57c7943e.jpg,2
3ababfb6-429d-4d8b-92e1-4ef161ce0ed0.jpg,2
07abb49d-c23c-41a5-b38a-b093011b59dd.jpg,0
3cfaf293-a1a0-4130-b994-ad3df8a4008c.jpg,2
MCUCXR_0038_0.png,0
0a50d5b7-436c-464e-aba4-4264cebb35be.jpg,0
0db8b03b-efb4-4a92-9c82-39a5bfecb689.jpg,2
0812652c-3d92-4cda-9a06-c9d232e0b96d.jpg,2
1d7876e7-2229-41a4-b6f5-0ead284ed611.jpg,2
26950e98-3b48-4d7c-b2d0-daa4249be551.jpg,2
081e308c-0134-4ba3-b745-f632e37a83a1.jpg,0
MCUCXR_0103_0.png,0
0a74badc-f221-4017-96a6-055ee057b57d.jpg,0
112bf6f9-0ac8-4ca0-a84b-ea29811fd871.jpg,2
05083068-f4df-464a-b669-3c084ee05f1f.jpg,2
074f8729-c5ea-4830-8249-9a04208eab5e.jpg,2
353889E0-A1E8-4F9E-A0B8-F24F36BCFBFB.jpeg,1
1.CXRCTThoraximagesofCOVID-19fromSingapore.pdf-001-fig2a.png,1
0c2e5286-bb2c-427f-98be-8fc3796383d5.jpg,2
0693cf18-a4e1-408a-a5b2-f4cabfe169d3.jpg,0
06cf339f-a71a-4177-b950-ae1fdd5f4762.jpg,2
0d9f8e9e-3a29-472a-8a96-7c792d6f3edf.jpg,2
32a5977f-f8ab-41c9-9b51-5387248e4675.jpg,2
0b569b4c-107f-4bf4-9166-c4f51a9f881a.jpg,0
covid-19-caso-70-1-PA.jpg,1
0ca6c488-3ffb-44ee-939c-f49ac6671002.jpg,0
05f42ea0-fa18-47ba-80a7-e070307300bf.jpg,0
376a90dd-55c7-40a7-b5ea-73cafe9d75aa.jpg,2
0eb6bffd-a30d-466a-84eb-d8daf93570ce.jpg,0
08a09eef-7c20-414d-b36f-bd609dc5c763.jpg,0
0bf1767e-263b-443d-935f-489fe858922b.jpg,2
0808c4af-9ed6-46e3-a936-2cafb0004e6a.jpg,2
MCUCXR_0102_0.png,0
0634d937-1be6-475e-a5fd-dc9a2b6a8da6.jpg,0
0a7b13a9-bcfe-4a99-b699-4c8cf6882f04.jpg,0
17bb233f-6ee9-4645-92ee-b415499f691a.jpg,2
0b9f36a1-cc44-44f4-b500-cf1127fc71e6.jpg,0
covid-19-pneumonia-34.png,1
0dbb83c1-2214-4152-ac69-d1e7e25453cb.jpg,0
0c9beef4-dc63-4f65-86e6-d8a6eac70670.jpg,0
0c5036ec-06d1-443c-ae90-779617e10cc7.jpg,0
0295573e-1bbe-4f14-83c2-32449fa79f10.jpg,0
MCUCXR_0367_1.png,3
177423d8-e811-4fd7-bfba-6b77b479e466.jpg,2
0b53bc2e-60ed-48c4-8754-c094c5b4c92c.jpg,0
nCoV-radiol.2020200269.fig1-day7.jpeg,1
053f400c-145d-4770-841c-3ea961bb3644.jpg,0
3c8ebe92-dc43-48b9-bbfd-03dbc128d2af.jpg,2
01538c3b-3de9-4fbb-95a8-732235821bbf.jpg,0
33c66fa9-6a08-4d0d-b309-88ce91a217c9.jpg,2
0c6123ac-baaa-4f5d-a566-97468a61e82e.jpg,0
2e4b20f7-69c4-4680-9c8b-6984c195b1cf.jpg,2
MCUCXR_0372_1.png,3
0c10d1c7-6f4e-4410-8327-dac459cff776.jpg,0
06bc1519-c307-4a98-b00b-8329f2ddf615.jpg,2
097df78d-7101-478a-9e33-2748a084e01e.jpg,0
0b754c5b-d5ee-4a2a-a6e0-c610568b676d.jpg,0
393b8e45-6d97-4013-8100-27ebf07a1dad.jpg,2
1.CXRCTThoraximagesofCOVID-19fromSingapore.pdf-003-fig4a.png,1
0906b366-f454-4c62-88fc-caf7ffb5d36b.jpg,0
6C94A287-C059-46A0-8600-AFB95F4727B7.jpeg,1
32b0d04e-72fd-429a-8f71-6d1089e24415.jpg,2
3a8937d5-ef45-4b0a-99f0-3cc01ba6901e.jpg,2
056d6cc6-fb4a-48a5-808b-b775d29a438a.jpg,0
082391ac-5057-4479-8abf-12b42afb47ca.jpg,0
0a72a6fe-0dde-49f0-bb65-d3d73366b83f.jpg,0
35477f5b-9747-4f99-b1ce-7c97150cccfd.jpg,2
068e882a-df1e-4d62-92a0-9eef12024b01.jpg,0
087d375c-c266-4069-84dd-4d1d9d906539.jpg,0
1555c17d-994a-4400-b62b-4b53fc727da3.jpg,2
0b424b41-7f38-4c70-840d-dbc5d6901c78.jpg,0
0609cacd-b9a6-485f-a6f1-5bb7b88db8dd.jpg,0
MCUCXR_0266_1.png,3
3d259836-0ac3-4608-8384-ea7b8473709d.jpg,2
07dc2fb6-61f3-4d89-aa58-2780fb5f29f2.jpg,0
MCUCXR_0075_0.png,0
3247efbe-0804-4aa6-865b-155e6b9bbb86.jpg,2
3c4ab309-7722-4a52-a340-868b0417a0cc.jpg,2
7AF6C1AF-D249-4BD2-8C26-449304105D03.jpeg,1
0b025ff6-4fa0-4302-b02c-fe2069dfa7ce.jpg,0
18ce990f-bea9-4174-a6a2-8f61c4517b24.jpg,2
08307845-ccbd-4616-b8e9-58532a766dbe.jpg,2
1889dd53-607f-4897-9be6-b2a5c078d6b3.jpg,2
07045469-bbc4-42ca-a8b9-9c83ef77f704.jpg,0
0837bf4a-b300-4918-b6bd-d67e941bf16a.jpg,0
MCUCXR_0069_0.png,0
314b6a0c-897a-4769-8e91-64816d8e5d8a.jpg,2
0985fbca-8311-4a6a-9d74-7dca4dce2521.jpg,0
3cdd4c46-2476-4203-9161-1bdfd56c4278.jpg,2
00a85be6-6eb0-421d-8acf-ff2dc0007e8a.jpg,0
0ab261f9-4eb5-42ab-a9a5-e918904d6356.jpg,2
0cb6fe57-ead1-444b-8563-a51f14014e2d.jpg,0
53EC07C9-5CC6-4BE4-9B6F-D7B0D72AAA7E.jpeg,1
36283110-2808-4ac2-9dc7-c8e2a6754c83.jpg,2
38f2df56-b804-4c70-811e-b01f1aac0216.jpg,2
3d259836-0ac3-4608-8384-ea7b8473709d.jpg,2
1f0a35e1-1cd4-4d07-bacc-f22368f3cd08.jpg,2
22c13a41-b046-441e-adbf-ed77104b6249.jpg,2
1614564a-fe0d-43dc-87ae-299d859959f6.jpg,2
0bed2d9d-8a11-41d9-b312-41f8c93791f7.jpg,2
0793267b-ba31-4f77-bee8-acde7a571231.jpg,0
334c4445-63ce-401a-a1a2-1a467901a1ae.jpg,2
MCUCXR_0082_0.png,0
MCUCXR_0289_1.png,3
36bd8ee6-cfb2-48ae-a57d-dcea7ba8deec.jpg,2
08e128a5-3d31-45cc-a848-5602123b4ff9.jpg,0
MCUCXR_0083_0.png,0
3858239f-f7ce-4858-94fb-095174a6c0e8.jpg,2
0983ae59-b906-4fd5-a810-edfe0580fe3b.jpg,2
160d4148-6c88-47fb-ad49-b4965eb8a931.jpg,2
0803b0fa-c026-40d3-b9b6-43b843d17632.jpg,0
1565fd6c-9432-454a-87e4-937fd5ad5b60.jpg,2
0c485eff-442f-4a5a-b526-f58024cbb1b2.jpg,0
MCUCXR_0029_0.png,0
80446565-E090-4187-A031-9D3CEAA586C8.jpeg,1
079269e0-96f3-4964-8def-b13bd0aa837a.jpg,0
31d565cd-7b80-48ab-a86d-c5aaec5b4505.jpg,2
05dc3a75-2069-4f66-b5b0-ce7fd9efe60f.jpg,0
1-s2.0-S0929664620300449-gr2_lrg-d.jpg,1
009eb222-eabc-4150-8121-d5a6d06b8ebf.jpg,0
MCUCXR_0002_0.png,0
0808c4af-9ed6-46e3-a936-2cafb0004e6a.jpg,2
39ced0d0-246c-430d-9bea-efc60bfa487c.jpg,2
1839045f-af6a-430b-8771-c984f87799b0.jpg,2
09ac8fc5-e8ed-410e-b167-3abaf28f0e2c.jpg,2
2feb2bad-6b36-4067-87f1-54d39235e3c5.jpg,2
0b4fba3d-aeaa-49d0-bbf1-e66f8f0142ff.jpg,0
260e3c89-2bc0-48c8-8203-64d63693fa8d.jpg,2
MCUCXR_0055_0.png,0
3a902c1d-e41b-43d3-8484-4c0d92a30271.jpg,2
03f43302-39f0-48a1-ae3d-0c6c611b9302.jpg,0
17d34b01-a492-4764-9ee7-1403ed7a3f97.jpg,2
05bfde5b-5626-4a1d-84c1-ea6ef456d409.jpg,0
0989935f-d8e5-4b59-a72e-077da14ba7f6.jpg,0
0ad9934b-bf35-497d-8082-1ecbc955d6de.jpg,2
0695a0d8-d4b6-4dbe-bc04-497897e4516a.jpg,2
0790ee1e-70c5-4f8f-9b80-cd10ecfd90f2.jpg,0
3397d218-ad10-49dd-a3e0-9b1ee6d3d91d.jpg,2
0b5a918a-5625-4659-a2fb-6baa4b55df9a.jpg,0
MCUCXR_0255_1.png,3
0623ea89-c89c-4743-b492-55e398de4c9b.jpg,0
07d45be8-4344-473d-b377-26354b64078e.jpg,0
32a5977f-f8ab-41c9-9b51-5387248e4675.jpg,2
0c9a3ade-b629-4ffa-9a79-82b9c5c69023.jpg,0
1c6b087d-a573-450b-9a4c-f5a5de9a8004.jpg,2
0c4ed1ea-1d52-4895-b7dc-9e6bc16aaabe.jpg,0
auntminnie-b-2020_01_28_23_51_6665_2020_01_28_Vietnam_coronavirus.jpeg,1
31714284-24d2-4e29-95ce-1342164502fb.jpg,2
MCUCXR_0104_1.png,3
090f0fcb-98c9-4324-9857-3bc2a9cfd4e8.jpg,0
SARS-10.1148rg.242035193-g04mr34g09a-Fig9a-day17.jpeg,2
2aae181e-a4b7-47f4-ac47-e99001b9008b.jpg,2
35c45480-3cfc-4988-8bd7-4c1ee56ed88b.jpg,2
MCUCXR_0203_1.png,3
0697baae-e475-4fa3-ad82-51b319a026cc.jpg,2
MCUCXR_0074_0.png,0
0c2e5286-bb2c-427f-98be-8fc3796383d5.jpg,2
36491026-0b06-429a-97bf-644518295055.jpg,2
07755c77-1391-49f1-8fdb-832082887aec.jpg,0
MCUCXR_0099_0.png,0
MCUCXR_0383_1.png,3
0aa83e7d-e947-46e9-b5ca-a69cc9e5c8fe.jpg,0
006cec2e-6ce2-4549-bffa-eadfcd1e9970.jpg,0
03682e3c-d601-4e35-9ba5-06e85bba5c7c.jpg,0
MCUCXR_0228_1.png,3
FE9F9A5D-2830-46F9-851B-1FF4534959BE.jpeg,1
SARS-10.1148rg.242035193-g04mr34g0-Fig8b-day5.jpeg,2
39693e31-b11e-4cd5-a626-2862cb0ede1d.jpg,2
15965584-26e8-450b-823d-030d71049494.jpg,2
gr1_lrg-a.jpg,1
6b44464d-73a7-4cf3-bbb6-ffe7168300e3.annot.original.jpeg,1
09fab84b-19f3-42e1-9c90-69a49b7b37d6.jpg,0
09460406-b734-43b0-8233-23055dea6dde.jpg,0
011d6f51-b732-4d45-a84d-90477325ef2d.jpg,0
3866065a-3fb7-4253-97ef-930ab899a723.jpg,2
2a37f773-2855-4765-989e-0991de60bd0c.jpg,2
figure1-5e75d0940b71e1b702629659-98-right.jpeg,1
0b421aea-6e0f-4faf-a4bf-4a82445d0e35.jpg,0
auntminnie-d-2020_01_28_23_51_6665_2020_01_28_Vietnam_coronavirus.jpeg,1
053f237f-c835-4067-8a74-a0b7641bdaca.jpg,0
0100515c-5204-4f31-98e0-f35e4b00004a.jpg,2
376a6f4e-a470-48e7-9092-b6179f296e46.jpg,2
kjr-21-e24-g001-l-a.jpg,1
0d5478d8-151a-4ce9-85b4-87645d2f8bdc.jpg,0
05f9a259-1b07-4e83-8e30-6b01f3ae1cf1.jpg,0
MCUCXR_0170_1.png,3
0749e0ce-a84e-49bf-9275-a1ebd9281e3b.jpg,0
0b71e171-37a0-4f7e-827f-c8250180bbf2.jpg,0
329c254a-e6bc-44cf-bc09-365d5d43f4df.jpg,2
SARS-10.1148rg.242035193-g04mr34g07a-Fig7a-day5.jpeg,2
091fa211-36c0-42a4-bd7d-c8bced664d9d.jpg,2
17ec1772-41a6-4bd6-a2a0-b9d45599eb28.jpg,2
93FE0BB1-022D-4F24-9727-987A07975FFB.jpeg,1
0745b403-9006-4534-b28f-0e19ba3ff8e2.jpg,0
0b9736d7-413f-4fe0-8ff3-163c290e2679.jpg,0
393e9541-7b37-47cb-a706-a3e518f440af.jpg,2
0678ff6a-7402-4065-8566-be18d983fbbf.jpg,0
wong-0002.jpg,2
068f52ab-c25b-4212-97e7-b6f934fc3b75.jpg,0
0b46a9e3-2b90-4d9f-8053-bcaa9066f31c.jpg,0
0821dd8e-16f7-4931-ac86-37a6cb40df84.jpg,0
0b00ec19-0e23-48eb-8936-c03379bf65c2.jpg,0
SARS-10.1148rg.242035193-g04mr34g0-Fig8a-day0.jpeg,2
06bc1cfe-23a0-43a4-a01b-dfa10314bbb0.jpg,0
MCUCXR_0052_0.png,0
MCUCXR_0035_0.png,0
339728a0-cc96-409e-af99-8af5c6ce5f23.jpg,2
3538b9f3-b604-4e3c-8f04-bb5b1127733c.jpg,2
085c8aef-ef57-43c8-a14e-4eb3f252010f.jpg,0
0b609c12-d05a-4cfe-8204-e0c75c300d0b.jpg,0
10f3bffb-409e-4d8c-849a-f11144da7c3e.jpg,2
339d0607-e869-4869-ac6d-379172682713.jpg,2
0824dce4-e0fa-4129-adc8-224c6afa6bc2.jpg,0
037e59c2-5753-4daa-b74f-856694b81729.jpg,0
3258ba2b-f4fe-45f2-ac47-5d6d1fa5819c.jpg,2
MCUCXR_0001_0.png,0
ryct.2020200028.fig1a.jpeg,1
386334b4-06db-4a66-a7f1-9d0a6d9f2cdb.jpg,2
095d6b7c-fa53-4f06-90b9-5c5f76038f04.jpg,2
373a5932-9260-40b0-9762-f5420f1fc4e5.jpg,2
9C34AF49-E589-44D5-92D3-168B3B04E4A6.jpeg,1
0cbe036d-0188-4ba5-b15d-d60022a81d6f.jpg,0
09471800-38bb-448e-9a36-5544dd585676.jpg,0
6CB4EFC6-68FA-4CD5-940C-BEFA8DAFE9A7.jpeg,1
0b323a31-28e6-45b2-a07c-cc9b60571053.jpg,2
0702a884-c189-4a05-bcf5-dc72f4f406fc.jpg,2
MCUCXR_0059_0.png,0
34fbff70-fa6e-4709-ab07-17f739fce394.jpg,2
3331a818-6190-4caa-8e71-1849f68d1557.jpg,2
0cea4fac-4e84-4857-ac38-f2eb0dacfffc.jpg,0
32e8b837-8656-47e1-87ec-b365c7670984.jpg,2
06f4f57e-ab00-459a-aa03-2ffe1dc75bdb.jpg,0
098c0843-d0f1-4aa3-b593-925d9327e31a.jpg,0
327988cd-ed44-464a-88bb-a903bef4c947.jpg,2
1-s2.0-S1684118220300682-main.pdf-003-b1.png,1
3666d8e9-60ac-4d61-a527-a87a4fbe4459.jpg,2
085a6486-c3b3-4ca2-80f1-be07d23e853b.jpg,2
0a0f91dc-6015-4342-b809-d19610854a21.jpg,2
06cf339f-a71a-4177-b950-ae1fdd5f4762.jpg,2
327988cd-ed44-464a-88bb-a903bef4c947.jpg,2
0c166e46-6e25-4f59-9743-6c60828c7c77.jpg,0
MCUCXR_0348_1.png,3
3d895c52-0627-42b3-ba67-41a08f387da0.jpg,2
0f19df40-34dc-49c5-8a24-2879431284b2.jpg,0
MCUCXR_0275_1.png,3
01ef1712-90a6-4946-ad86-fc76b0cf2d3b.jpg,0
03b10fa5-e7c3-4726-818f-ecbace9da737.jpg,0
0bbc209a-2a7a-43cb-8664-d6a337dee4a6.jpg,0
0b04562b-ea31-455d-a729-106264dc170b.jpg,0
240d4da6-3775-4515-b884-d67bccc47496.jpg,2
36cf3250-2ea6-4ef9-8143-c1bbafe83475.jpg,2
SARS-10.1148rg.242035193-g04mr34g04a-Fig4a-day7.jpeg,2
06e40d99-227c-4fa5-a51a-8691b155b837.jpg,0
58cb9263f16e94305c730685358e4e_jumbo.jpeg,1
SARS-10.1148rg.242035193-g04mr34g07b-Fig7b-day12.jpeg,2
39919c47-0f93-417f-96fb-1aa8a6d6e7ab.jpg,2
388d9b4f-6c31-44ac-b878-8f5c3843fd1f.jpg,2
098e14d4-3205-4c2d-a059-738f830c0aa5.jpg,2
07c379f0-8ceb-4ba9-84be-cfbb29de8ba5.jpg,2
MCUCXR_0362_1.png,3
3538b9f3-b604-4e3c-8f04-bb5b1127733c.jpg,2
0bcfe7ee-ada5-48de-990b-2a2fd6c6ed15.jpg,2
29aec016-fae1-429c-b88c-58e10cd90d7b.jpg,2
08dc2e8b-754a-47ad-97e2-efe6e14fd732.jpg,0
0ca3f31a-ace5-4bd2-9900-b152cc212c8e.jpg,2
0b442c81-aaa1-42ab-b670-76212d7adb45.jpg,0
09653ae4-ae24-4839-a56e-7270d6e51eb7.jpg,0
09875c3b-c520-4b08-89b0-a7a7299c37b2.jpg,2
35bdb4ca-55d0-4d4c-b2e6-ea721f24d985.jpg,2
06edaefa-0bab-4e20-bba9-ee66be0edb12.jpg,0
0e724a83-c104-4d33-94a5-c7df6174f40f.jpg,2
3747c54e-e425-451d-90c0-943e99b873d4.jpg,2
MCUCXR_0218_1.png,3
2d5d4cc5-5633-4718-ac7a-61bd0c7dbf4f.jpg,2
wong-0004.jpg,2
1-s2.0-S0929664620300449-gr2_lrg-a.jpg,1
B2D20576-00B7-4519-A415-72DE29C90C34.jpeg,1
0ebc8268-df3d-45d8-8ee7-b34880c62830.jpg,2
09de3f3c-b46f-4be4-b9a8-f767b000845b.jpg,0
009482dc-3db5-48d4-8580-5c89c4f01334.jpg,0
0702a884-c189-4a05-bcf5-dc72f4f406fc.jpg,2
3d7cde16-cbce-4a84-997c-11b9befe3f23.jpg,2
nejmc2001573_f1a.jpeg,1
388d9b4f-6c31-44ac-b878-8f5c3843fd1f.jpg,2
covid-19-pneumonia-14-PA.png,1
0c2b024b-5efa-4cb0-8a3b-7cc647665566.jpg,0
02051597-8a40-4586-88e1-8e62e421981f.jpg,0
0bdf0a38-17a9-42e0-935f-f9240e1fab77.jpg,0
MCUCXR_0070_0.png,0
3036fb15-305b-4e9b-93ab-4e555a0fd323.jpg,2
29576186-ed47-4331-8ea0-08d899822c1f.jpg,2
321b9103-0c96-4719-912d-b9b94e222077.jpg,2
09a71d45-931c-4089-958d-3eca0f1e303a.jpg,0
0dfed935-1a18-4263-b1de-5cfc38d2e06a.jpg,0
08ac2f29-e8b4-484e-9394-806ef7bee8ea.jpg,0
35a60fb3-459a-43a6-9c1f-066578ca5d63.jpg,2
0c03597a-dc89-4480-9412-dd2121411278.jpg,0
32652bc7-21e2-4aa4-ae0c-461950e4c131.jpg,2
0c1822ea-5a61-4e64-97f7-ec1885d97fc2.jpg,0
3485bc68-5c84-479c-8ec6-17fa1b6d7a2c.jpg,2
MCUCXR_0243_1.png,3
0637b804-e693-48d1-8716-f7c63ce6162a.jpg,2
0ca8314a-88e7-4661-b5fd-3bdee5fc2616.jpg,2
029216c8-ea0d-47bb-88fd-bf611cc5d1fc.jpg,0
3bd214a7-b62f-4e31-93c5-9cea5c2a8a30.jpg,2
01027bc3-dc40-4165-a6c3-d6be2cb7ca34.jpg,0
covid-19-pneumonia-28.png,1
37280a31-74fe-474a-879e-d349dd211e18.jpg,2
320df0f4-4189-401a-a836-569ba4f8f389.jpg,2
MCUCXR_0126_1.png,3
0c1b326c-93f9-44d5-b72e-20e2be51fd09.jpg,0
0385fdea-9b37-4039-b10c-d3094f6afdfa.jpg,0
MCUCXR_0049_0.png,0
04707463-aae0-4989-ae73-f9162275444e.jpg,0
01e4fd43-4f2c-421f-bd68-c756dceb5742.jpg,0
019ca122-9cdf-4704-b7a9-449c8a1c263e.jpg,0
3866065a-3fb7-4253-97ef-930ab899a723.jpg,2
024cff3e-86d2-4658-b204-79b94b74b94f.jpg,0
019e035e-2f82-4c66-a198-57422a27925f.jpg,0
0ab261f9-4eb5-42ab-a9a5-e918904d6356.jpg,2
MCUCXR_0086_0.png,0
35147425-e8f1-494b-8cce-74252c0578d6.jpg,2
covid-19-pneumonia-44-day-0.jpeg,1
06951c33-b247-4daf-a087-cc082f83238b.jpg,0
3a9196af-16e0-4a6a-95e4-426614770eb2.jpg,2
0f8c91da-7e03-480e-8760-1604b1d53c97.jpg,0
1c20a2ed-7081-4e30-b5f8-a329c51d14f1.jpg,2
3162d754-7972-47b0-ae60-1ae6e2bb4150.jpg,2
01ee3bcb-d6a8-4586-b0a5-9647969da07d.jpg,0
3247efbe-0804-4aa6-865b-155e6b9bbb86.jpg,2
3747c54e-e425-451d-90c0-943e99b873d4.jpg,2
00313ee0-9eaa-42f4-b0ab-c148ed3241cd.jpg,0
0ed69049-8906-4b90-8841-727a7716c42b.jpg,0
0d9b1283-fc24-4fd3-a520-bc5d563e13e1.jpg,2
31bac031-0b6b-408f-8acc-1651bd777dc0.jpg,2
MCUCXR_0264_1.png,3
0c24f2b3-836d-4bd2-8bf7-473d3272a1c8.jpg,0
0cb14822-96b4-4d77-b3ab-436e40ea135c.jpg,0
MCUCXR_0316_1.png,3
0b74faac-00a1-4958-9571-b5f7f9c52179.jpg,2
07a7adcc-5911-46a0-acc1-aaac588c0245.jpg,0
23E99E2E-447C-46E5-8EB2-D35D12473C39.png,1
181f55a1-d776-42e0-b2a1-ab2e73dc31a2.jpg,2
0bb7b8e1-ffb4-4c6f-81aa-639e1d138a7f.jpg,0
15ea3d73-122d-4273-83e0-01f62d801ca7.jpg,2
01d1f0be-5216-4af5-b2dc-a160c1c56122.jpg,0
0c77d941-5f63-4e2a-9c1e-4a58043acd55.jpg,2
32721abb-10c7-4797-88c6-bf47d32e95e6.jpg,2
MCUCXR_0334_1.png,3
MCUCXR_0390_1.png,3
0ac2c2ef-efb4-485c-b63a-69f19f32b704.jpg,0
3c2270fa-2323-48c2-a341-1ea0d84d7cee.jpg,2
06a7820e-8f38-4958-b871-518030a63432.jpg,0
18229219-aeb9-4687-ad23-29bed791d76e.jpg,2
MCUCXR_0056_0.png,0
080f1469-5384-4678-b0ec-513ae837b583.jpg,0
MCUCXR_0092_0.png,0
85E52EB3-56E9-4D67-82DA-DEA247C82886.jpeg,1
22f2d3ec-f7ea-4778-850d-bb111590202f.jpg,2
35ab0be2-1772-4ef7-b8f9-45e5e371ac11.jpg,2
08295bd5-d317-467a-acbb-ba3ba9218c9f.jpg,0
covid-19-pneumonia-2.jpg,1
15884ec8-c8d3-471b-a234-059591200be1.jpg,2
3b8d4df3-3950-412b-9206-1cbb57c7943e.jpg,2
381e2cd6-431e-4cc3-b6b0-5771b5741d8a.jpg,2
09236f60-57e0-48b3-aede-a885f4dfe1b1.jpg,0
20fa542a-4930-46eb-8e1b-3e938980e6ea.jpg,2
0bcb0834-efa8-4fcc-9082-4a2dd4506dc2.jpg,0
MCUCXR_0028_0.png,0
covid-19-pneumonia-20-pa-on-admission.jpg,1
07c5e2ff-fd3a-47c7-936f-33f34d11b41d.jpg,0
0b18b129-53a3-416c-8559-7a2e9748d2cc.jpg,0
ciaa199.pdf-001-b.png,1
35926045-c5ed-4db4-9f3d-2e77bda01d14.jpg,2
covid-19-pneumonia-53.jpg,1
36144553-f906-4552-9d9e-e0c25885dcba.jpg,2
0c2726d2-057e-49f0-ba94-fdaf5123afdb.jpg,0
017c7b5b-618e-4bc9-943c-04c6a988d992.jpg,0
0da04332-a1fd-48a3-b13a-6cf38f8b9ee7.jpg,0
3ba80992-3ec3-421a-97b8-354f1a5dbae1.jpg,2
covid-19-pneumonia-30-PA.jpg,1
07ed91aa-ef0c-49fa-a691-13efc83f8d7e.jpg,0
MCUCXR_0020_0.png,0
F63AB6CE-1968-4154-A70F-913AF154F53D.jpeg,1
MCUCXR_0095_0.png,0
38395193-8ed1-4d49-9f3e-4d9a2418eaed.jpg,2
34b275e2-88a3-44a1-a8ad-16d8d79b1999.jpg,2
063f63c9-7e5b-4360-8d19-0060d849fdbc.jpg,0
0cbf3284-5b78-4e23-bffd-e546f7e76da9.jpg,2
covid-19-pneumonia-15-PA.jpg,1
2cafbcf4-4191-44a1-b81e-b3b6c75ecc7d.jpg,2
00704310-78a8-4b38-8475-49f4573b2dbb.jpg,2
0909a8b0-09e7-4a78-9bfb-417a61c6723c.jpg,2
085a6486-c3b3-4ca2-80f1-be07d23e853b.jpg,2
085a6486-c3b3-4ca2-80f1-be07d23e853b.jpg,2
MCUCXR_0141_1.png,3
3b75d0e1-a430-4d1e-a89e-672d25ca6953.jpg,2
096783f6-e36c-4625-86bf-4d060a00a3b7.jpg,0
0bdf0bcb-7323-4aa4-ac61-dad3b1787acf.jpg,0
3d895c52-0627-42b3-ba67-41a08f387da0.jpg,2
0bb3e7f7-bcb1-4dd5-b9ba-ce5c6eaa9ba0.jpg,0
37f025d9-05c0-4e27-9a75-2e6a2085fa30.jpg,2
05073cbd-ad54-456d-9de6-b468db719b57.jpg,0
06b9ac69-9f45-4e7a-ad7b-802e4425ff64.jpg,0
0a03a65b-9e45-4e3d-ae6c-b8a37112ab31.jpg,0
09232852-c9c0-487a-b656-d6fa013b0453.jpg,0
1caf3708-4998-4594-bf7f-ea4beb24b6f5.jpg,2
38b557eb-bf26-4da1-b6ec-5674cddc9ef2.jpg,2
38314ee1-b525-43aa-af34-8e1dd877395e.jpg,2
ryct.2020200034.fig2.jpeg,1
1be56c93-6607-4b08-b73a-dfe4ca81f7b1.jpg,2
2966893D-5DDF-4B68-9E2B-4979D5956C8E.jpeg,1
06bc1519-c307-4a98-b00b-8329f2ddf615.jpg,2
0be1f228-74f9-49f2-836e-e3caa49c9fcb.jpg,0
1.CXRCTThoraximagesofCOVID-19fromSingapore.pdf-002-fig3a.png,1
3d7fb4b4-5e62-4591-aa4d-cbbc1ca3ffb7.jpg,2
0965f1e9-2905-40ef-8612-4984e2c7e9ea.jpg,2
0a6a5956-58cf-4f17-9e39-7e0d17310f67.jpg,2
064bd2d6-5cc4-4933-957f-c880f44e2de2.jpg,0
17da6531-1b17-43c8-b052-c5e75b582730.jpg,2
3bd214a7-b62f-4e31-93c5-9cea5c2a8a30.jpg,2
095d6b7c-fa53-4f06-90b9-5c5f76038f04.jpg,2
1-s2.0-S0929664620300449-gr2_lrg-c.jpg,1
09147009-39a9-497a-ac10-a07cf7126d58.jpg,2
0d5a3165-9f34-4a2d-8802-b60bb84197bf.jpg,0
125a6b00-d20c-413e-b5fb-3728fcfce39f.jpg,2
061ccabd-b0cf-4238-a053-28a1960c1923.jpg,0
MCUCXR_0294_1.png,3
0838fe18-1e25-4d02-8287-7692d2a5bb57.jpg,0
0892a3a9-1345-42b3-8412-b930fd9066e5.jpg,0
3580d303-401f-4f0b-ac88-0729834349a8.jpg,2
34a24f18-584c-41df-b0c6-2cc9fc5cc0e3.jpg,2
075d258f-013e-488f-9bd5-ab473413a1b4.jpg,0
0e724a83-c104-4d33-94a5-c7df6174f40f.jpg,2
SARS-10.1148rg.242035193-g04mr34g09c-Fig9c-day27.jpeg,2
07f1ae3f-2482-4c76-8801-bc4895b3f46e.jpg,0
covid-19-pneumonia-evolution-over-a-week-1-day0-PA.jpg,1
0c0dbae5-b0a7-43b7-a964-11e6bcf40ae9.jpg,2
2a4489f6-6f7b-46f5-a937-281206307943.jpg,2
0bda6a44-f304-4ca3-874a-b9f29f73da05.jpg,0
09ea637f-0f6a-427e-8dad-858330a2498e.jpg,0
30d3d2f9-4342-4ab4-9032-34d894c2cfbb.jpg,2
03f43232-8362-4a4b-8632-aa336ce7ac08.jpg,0
069554dc-f5b0-4947-be4c-873dd6360b5a.jpg,0
kjr-21-e25-g001-l-a.jpg,1
076c5f9e-787b-417c-8639-07639b581102.jpg,0
01be3fe5-4a91-4c57-9af6-305966a7d0aa.jpg,0
covid-19-pneumonia-7-PA.jpg,1
008c19e8-a820-403a-930a-bc74a4053664.jpg,0
1738d7da-d93e-4f81-aefd-a1adb148664d.jpg,2
radiol.2020200490.fig3.jpeg,1
0bb24183-8b59-48f1-8bbf-4d889976fc82.jpg,0
319e7123-a32b-4971-acd0-975c52958411.jpg,2
06adea47-95e2-4423-bd9e-27daf8ed7de0.jpg,0
373a5932-9260-40b0-9762-f5420f1fc4e5.jpg,2
MCUCXR_0108_1.png,3
MCUCXR_0369_1.png,3
0a74f788-cd7e-47a5-a437-cb9a7dd00a06.jpg,0
E63574A7-4188-4C8D-8D17-9D67A18A1AFA.jpeg,1
0b8f8765-0406-447c-b873-7ac5ce8884aa.jpg,2
07b24c8e-be16-4d5d-992e-b66e7930a387.jpg,0
073d58b8-b9a1-4d44-ae30-9cea99efa0c9.jpg,0
08cbc4cf-9efb-47e4-a77f-d734e6a273c5.jpg,0
00f87de5-5fe0-4921-93ea-914d7e683266.jpg,0
0c860336-135a-4eed-9269-105f65dc9a4d.jpg,0
0a23debc-fa30-486f-9555-750be017ae75.jpg,0
MCUCXR_0196_1.png,3
075686e1-bfe5-4901-b326-1a082ed6b937.jpg,0
35ffa64a-fc84-4582-95ad-40d4eab93197.jpg,2
MCUCXR_0117_1.png,3
1-s2.0-S1684118220300682-main.pdf-003-b2.png,1
MCUCXR_0063_0.png,0
0cbe5298-68a4-4de0-a693-46eb8e8858ca.jpg,2
MCUCXR_0026_0.png,0
MCUCXR_0081_0.png,0
covid-19-infection-exclusive-gastrointestinal-symptoms-pa.png,1
175c8be2-76a4-469b-9595-ed33ecedb3cb.jpg,2
3a0fb504-c7fe-4f7e-9bf1-98560c74614d.jpg,2
0817d40c-ca56-43f4-acd0-349e5e2fdc9f.jpg,0
MCUCXR_0182_1.png,3
341983d7-a04e-4b75-a021-1c5562139301.jpg,2
covid-19-pneumonia-12.jpg,1
08dd362a-d27b-47bd-a763-5e07f49f4584.jpg,0
3748c51e-06c7-488e-97be-dac0614f5c17.jpg,2
09ac8fc5-e8ed-410e-b167-3abaf28f0e2c.jpg,2
MCUCXR_0101_0.png,0
MCUCXR_0077_0.png,0
0baa6d29-66e3-40db-8aeb-5ebe80ddc8c8.jpg,0
1563a4ed-d5f5-4e31-8818-c5417109d403.jpg,2
MCUCXR_0144_1.png,3
26d622c4-c7ec-4952-9210-7b2a2144cb79.jpg,2
covid-19-infection-exclusive-gastrointestinal-symptoms-l.png,1
381e2cd6-431e-4cc3-b6b0-5771b5741d8a.jpg,2
0cc27255-7f78-4093-84d7-04190a7d72ec.jpg,0
05b7f19b-58ba-423a-89a6-5975679b2e15.jpg,0
2e13eff6-7bb4-4b45-846f-1522888dbfe1.jpg,2
0503aac4-3d6d-416c-94d7-16fc3339ee61.jpg,0
3036fb15-305b-4e9b-93ab-4e555a0fd323.jpg,2
068b608d-f71c-4859-b909-62c1665b507f.jpg,2
3b84f97b-fa88-424a-891c-e57c3b92c062.jpg,2
0d2bc8b2-2340-4deb-b29c-ae4da8fa5764.jpg,2
1-s2.0-S1684118220300608-main.pdf-001.jpg,1
067b7ea4-bc57-41d5-ae13-5137f9df5111.jpg,0
35a379c4-1e56-41f7-8a25-a1c2e9b88464.jpg,2
37b36218-c174-4940-a7bc-5e5601df63d6.jpg,2
0996439a-352a-4c75-bb53-d13759eca6b6.jpg,0
35d5dba1-22ee-4f68-b28f-bd16ae96ae00.jpg,2
0b8c48a7-3158-4df1-b484-b6f677ff9612.jpg,0
35926045-c5ed-4db4-9f3d-2e77bda01d14.jpg,2
06e1a29a-6307-4ec2-902e-b379d39d2101.jpg,0
MCUCXR_0393_1.png,3
0404639a-94b5-40c8-af85-8b0c6a972b01.jpg,0
3b4decc7-fed9-46fd-9d30-179b7cde4a2c.jpg,2
MCUCXR_0354_1.png,3
07cb515b-230e-4447-9f1b-d172e7840dd6.jpg,0
MCUCXR_0072_0.png,0
figure1-5e71be566aa8714a04de3386-98-left.jpeg,1
01a5594f-e5d4-4f7a-b79d-3f57559fe37b.jpg,0
39d8b259-c37f-4e07-b128-b768d8d7a010.jpg,2
3690bde1-7419-46a5-baa2-14b88feed1ea.jpg,2
17c3519c-2700-4357-87d4-94f0fb4f7bbe.jpg,2
34e19eb5-78d1-42b9-bc47-b043d97feefb.jpg,2
35d5dba1-22ee-4f68-b28f-bd16ae96ae00.jpg,2
06a2ae98-575c-40c3-a32b-d0c80fee06c5.jpg,0
05b91b32-5635-4071-b45d-6a73f8eea918.jpg,2
MCUCXR_0017_0.png,0
076ad555-8eff-4022-9c08-7205c59a75d2.jpg,0
0cc09b0a-1afc-4492-929e-ac53f15286b6.jpg,2
MCUCXR_0051_0.png,0
34aba493-c3b3-49db-a2fa-b65345248969.jpg,2
MCUCXR_0091_0.png,0
08810d26-6674-4d73-91d5-ecdfdd0a0b42.jpg,0
32764f2f-ea89-4d7c-aa7d-e70366218270.jpg,2
03ae75b6-45a7-4a68-9871-f07b82b17bf6.jpg,2
MCUCXR_0015_0.png,0
3838db1d-2236-4c84-b6bc-2c81606dd34d.jpg,2
MCUCXR_0100_0.png,0
3282f02d-965e-4da5-acf7-b3d8e8154a31.jpg,2
01aad2a6-3b93-45e3-bf37-2d73348cb6fc.jpg,0
073a77f1-90c5-4b5a-823d-6e1174ecf947.jpg,0
08725d04-9db2-4b52-87fe-6cdb150a4bb3.jpg,2
0d77cf1a-64d4-4f8a-938b-9b838d549090.jpg,2
09f4c4be-0320-4e2c-8e3a-f5fd0a193085.jpg,0
2C26F453-AF3B-4517-BB9E-802CF2179543.jpeg,1
0c46d62b-fd38-4445-9776-3963704c838b.jpg,0
0c4016ab-b81b-4266-b6f3-b13465b8d10e.jpg,0
F4341CE7-73C9-45C6-99C8-8567A5484B63.jpeg,1
39c1395d-f5d7-4ce2-9154-04bd38bc8729.jpg,2
MCUCXR_0142_1.png,3
376a90dd-55c7-40a7-b5ea-73cafe9d75aa.jpg,2
0bb1cb0e-7377-407d-845e-dce144852d32.jpg,0
098e14d4-3205-4c2d-a059-738f830c0aa5.jpg,2
0695a0d8-d4b6-4dbe-bc04-497897e4516a.jpg,2
09e68f8e-f07a-4240-93f0-ce1969b46a80.jpg,0
0a22297d-22e1-4f3f-aa10-edcd220c1cb0.jpg,0
091e90d0-bdb7-4815-935f-5b52b93ddbe6.jpg,0
356b2d20-3a74-4628-8652-cb7800eddc3e.jpg,2
076149ed-e1a7-4424-b283-18161c95e0e2.jpg,0
MCUCXR_0173_1.png,3
0c235f29-e4c5-4cb1-ad36-80ace7249062.jpg,0
3a37447e-4d0a-4165-a5a2-74a015de8098.jpg,2
09547f4f-c52e-4fd7-8738-0e01e6277034.jpg,0
0c119e49-629b-4507-9df6-4dd03327b89e.jpg,0
366b30d6-2c8b-4985-978b-b8cde00f4377.jpg,2
0beac0c9-331a-4aad-9cec-099aff98c399.jpg,2
09d868e6-ad0e-4a55-b8fd-cf46e84dd08b.jpg,0
0280a39c-4891-4a7b-8073-710c3f5577a3.jpg,0
0ae82435-399e-4cf1-9d78-92d1c184178d.jpg,2
0812b373-eef7-47a9-a942-0850b004eb1e.jpg,0
39d8b259-c37f-4e07-b128-b768d8d7a010.jpg,2
0902e0fc-fcf3-40b5-ac04-c3ecc14c2355.jpg,2
17802f46-96cb-4658-ae3d-16be89ac69f5.jpg,2
3adf7f71-3ded-406d-a08c-a61d152f78dc.jpg,2
3c3edd61-17dd-4ec2-b434-d5bbe0bbb13f.jpg,2
8FDE8DBA-CFBD-4B4C-B1A4-6F36A93B7E87.jpeg,1
0a0f6755-610d-4b7c-a460-5f5a8f5c0743.jpg,0
1.CXRCTThoraximagesofCOVID-19fromSingapore.pdf-000-fig1b.png,1
09c0e0e5-e269-4d0c-89ea-59d1a77e2097.jpg,0
3a37447e-4d0a-4165-a5a2-74a015de8098.jpg,2
3b5ce046-19d3-4a6e-8664-0a5fa7e1014b.jpg,2
34aba493-c3b3-49db-a2fa-b65345248969.jpg,2
0a2c130c-c536-4651-836d-95d07e9a89cf.jpg,2
3b75d0e1-a430-4d1e-a89e-672d25ca6953.jpg,2
0af0a3a7-6df3-4217-b24f-cf6fcdc9a3bf.jpg,0
3ae783bc-9fd3-4e66-b9cd-101a43f122bd.jpg,2
09d11876-e367-473a-addf-f445b1a94bec.jpg,0
radiol.2020200274.fig3d.png,1
05ead813-3c04-4e42-a5e1-4ca43294ece9.jpg,2
38f2df56-b804-4c70-811e-b01f1aac0216.jpg,2
0e63cd8d-3f26-4f6f-b202-683e747d3458.jpg,0
01a4059c-22f7-4f51-8a27-50aff0b3aeb3.jpg,0
17477206-a644-49de-83a8-b32d5ba9ba5b.jpg,2
0b6c6a3e-4eda-4886-9182-e0b686fd9e53.jpg,0
35ebaf46-2c58-46c0-879c-78cc3e49876c.jpg,2
15ea3d73-122d-4273-83e0-01f62d801ca7.jpg,2
02285fa4-35b7-4af6-b88f-3cac45a7f5c8.jpg,2
0a4d9634-7ee8-4512-ba83-6ff5e352b2c2.jpg,0
3707b351-5760-4962-93a0-9f58252d22e7.jpg,2
3282f02d-965e-4da5-acf7-b3d8e8154a31.jpg,2
0c652b5b-8d2e-4c10-8dcd-a47ad0caf39b.jpg,0
05ff7ddc-3fb7-4378-ac14-a10a08c64aaf.jpg,0
06f6f5e7-610c-4122-8731-aac15337b5e8.jpg,0
32721abb-10c7-4797-88c6-bf47d32e95e6.jpg,2
06ea9b14-2cac-42c6-b3d1-b955feafee23.jpg,0
089df963-c3c7-499c-afd8-2b0f9224c442.jpg,0
08845a57-ec6b-4efc-b919-6020dc4460b9.jpg,0
0b8a7da2-6ae3-4a1f-ac14-44e1e0f6990c.jpg,0
05f88159-8c6e-4d9a-92a8-a20c6fb2930d.jpg,0
nejmoa2001191_f3-PA.jpeg,1
0cd86974-65ae-4967-9fab-30c0b2db5fb8.jpg,0
15b28846-3e6f-40d1-b497-cea5abed3766.jpg,2
3a48ce85-63f3-4443-857c-1d180ed52e7d.jpg,2
08483dbc-6223-43e2-b049-b1f86ef8bbcc.jpg,0
1b4ccf65-5872-4694-b441-599471b7794a.jpg,2
0a825a59-c034-481c-b596-9c7f0bc42c2c.jpg,2
0a19fb3c-36ef-401b-9deb-77f4f86d5d80.jpg,0
34297b7d-9e22-4e73-b105-a8db72ad36ee.jpg,2
0a55219b-5303-4490-b173-6039f355db2f.jpg,0
MCUCXR_0027_0.png,0
0736db5d-1989-4e0f-99c2-c72c7fa90e8e.jpg,0
0aee76d8-e3e0-4150-b645-9a80a2f4208f.jpg,0
398cd60c-17b9-44bc-8547-5cb6b6dad714.jpg,2
0b667844-0121-4eed-9a95-b670061a7a83.jpg,0
0b407f1e-dd57-49a7-836b-58ea0b3888de.jpg,0
0b1d5b23-c3ab-41b5-b82d-a16a3d6b5674.jpg,2
05d3b194-78bb-4fe9-aa1c-0f1d76e5641d.jpg,0
075ba3ee-9545-4f5b-8d97-e6d0ffd57e3b.jpg,0
16d8d1b9-1430-4043-acb3-d3938a354028.jpg,2
3cbb9e96-b202-40e2-bff0-176d31500640.jpg,2
34e19eb5-78d1-42b9-bc47-b043d97feefb.jpg,2
10f3bffb-409e-4d8c-849a-f11144da7c3e.jpg,2
0666201a-fab4-4828-81dd-73292312c766.jpg,0
MCUCXR_0194_1.png,3
197c3079-d2b8-4227-8513-743e0e3d6431.jpg,2
043cf55e-48db-407e-b8a3-e4b2d45a3131.jpg,0
05f6eacc-e1a9-4b88-a0ec-f4ab5ba72e93.jpg,0
0ba96c88-a3ed-4f28-9981-36c340f4996b.jpg,0
2dce719f-1702-406f-a471-03f033f1822a.jpg,2
MCUCXR_0311_1.png,3
39693e31-b11e-4cd5-a626-2862cb0ede1d.jpg,2
0c0ee7f2-41b1-4d98-99b4-c9f98a82276a.jpg,0
0c3a7bda-26e9-4750-a295-5227365857c1.jpg,0
0b494528-53d2-42f5-b9d9-8965b551db52.jpg,0
MCUCXR_0013_0.png,0
MCUCXR_0188_1.png,3
MCUCXR_0352_1.png,3
07237396-6757-44e4-b073-c32f33fe6dae.jpg,0
0bbf677c-7038-4bb9-a1b3-b41db928292c.jpg,0
03ab53d0-0a93-43f7-bfb7-4fc5b4db75dc.jpg,0
MCUCXR_0080_0.png,0
37280a31-74fe-474a-879e-d349dd211e18.jpg,2
0f712b0f-1966-40e9-a66a-1025198a6966.jpg,0
0a828af6-b7c6-4757-88e4-dea54fe6cdc9.jpg,0
11a41e42-fdb4-4216-9e04-d4914fe2186e.jpg,2
06a7e767-3117-45d3-8921-8501e710ed0a.jpg,0
0b00fd58-8071-4e60-b9fc-00bc3cd4ab26.jpg,0
08f9a388-c195-4b33-8acd-e05d4da14585.jpg,2
0daa445f-6b0b-499f-8162-91296e89f61c.jpg,2
35c45480-3cfc-4988-8bd7-4c1ee56ed88b.jpg,2
MCUCXR_0331_1.png,3
0a825a59-c034-481c-b596-9c7f0bc42c2c.jpg,2
239f7e39-e679-4892-9c87-04d1e4fd240f.jpg,2
